﻿<?xml version="1.0" encoding="UTF-8"?>
<monster name="Valkyrie" nameDescription="a valkyrie" race="blood" experience="85" speed="190" manacost="450">
	<health now="190" max="190" />
	<look type="139" head="113" body="57" legs="95" feet="113" corpse="20526" />
	<targetchange interval="4000" chance="10" />
	<flags>
		<flag summonable="1" />
		<flag attackable="1" />
		<flag hostile="1" />
		<flag illusionable="1" />
		<flag convinceable="1" />
		<flag pushable="0" />
		<flag canpushitems="1" />
		<flag canpushcreatures="0" />
		<flag targetdistance="1" />
		<flag staticattack="90" />
		<flag runonhealth="20" />
	</flags>
	<attacks>
		<attack name="melee" interval="2000" min="0" max="-70" />
		<attack name="physical" interval="2000" chance="15" range="7" min="0" max="-50">
			<attribute key="shootEffect" value="spear" />
		</attack>
	</attacks>
	<defenses armor="20" defense="20" />
	<elements>
		<element icePercent="10" />
		<element firePercent="10" />
		<element holyPercent="5" />
		<element deathPercent="-5" />
		<element physicalPercent="-5" />
	</elements>
	<voices interval="2000" chance="7">
		<voice sentence="Another head for me!" />
		<voice sentence="Head off!" />
		<voice sentence="Your head will be mine!" />
		<voice sentence="Stand still!" />
		<voice sentence="One more head for me!" />
	</voices>
	<loot>
		<item id="2148" countmax="180" chance="30000" /><!-- gold coin -->
		<item id="2666" chance="30100" /><!-- meat -->
		<item id="2674" countmax="2" chance="6800" /><!-- apple -->
		<item id="2229" chance="760" /><!-- skull -->
		<item id="2464" chance="10000" /><!-- chain armor -->
		<item id="2389" countmax="3" chance="55000" /><!-- spear -->
		<item id="3965" chance="5155" /><!-- hunting spear -->
		<item id="2463" chance="719" /><!-- plate armor -->
		<item id="2387" chance="492" /><!-- double axe -->
		<item id="2200" chance="1086" /><!-- protection amulet -->
		<item id="7618" chance="591" /><!-- health potion -->
		<item id="2145" chance="200" /><!-- small diamond -->
		<item id="12399" chance="5800" /><!-- Girlish Hair Decoration -->
		<item id="12400" chance="3400" /><!-- Protective Charm -->
	</loot>
</monster>
