<?xml version="1.0" encoding="utf-8"?>
<monster name="Chicken" namedescription="a chicken" race="blood" experience="0" speed="160" manacost="220">
	<health now="15" max="15" />
	<look type="111" corpse="6042" />
	<targetchange interval="4000" chance="0" />
	<flags>
		<flag summonable="1" />
		<flag attackable="1" />
		<flag hostile="0" />
		<flag illusionable="1" />
		<flag convinceable="1" />
		<flag pushable="1" />
		<flag canpushitems="0" />
		<flag canpushcreatures="0" />
		<flag targetdistance="1" />
		<flag staticattack="90" />
		<flag runonhealth="15" />
	</flags>
	<defenses armor="5" defense="5" />
	<voices interval="2000" chance="7">
		<voice sentence="Gokgoooook" />
		<voice sentence="Cluck Cluck" />
	</voices>
	<loot>
		<item id="3976" countmax="3" chance="10000" /><!-- worm -->
		<item id="5890" countmax="1" chance="20000" /><!-- chicken feather -->
		<item id="2328" chance="950" /><!-- egg -->
		<item id="2666" countmax="2" chance="2120" /><!-- meat -->
	</loot>
</monster>
