﻿<?xml version="1.0" encoding="UTF-8"?>
<monster name="Rotworm" nameDescription="a rotworm" race="blood" experience="40" speed="150" manacost="305">
	<health now="65" max="65" />
	<look type="26" corpse="5967" />
	<targetchange interval="4000" chance="0" />
	<flags>
		<flag summonable="0" />
		<flag attackable="1" />
		<flag hostile="1" />
		<flag illusionable="0" />
		<flag convinceable="1" />
		<flag pushable="0" />
		<flag canpushitems="0" />
		<flag canpushcreatures="0" />
		<flag targetdistance="1" />
		<flag staticattack="70" />
		<flag runonhealth="0" />
	</flags>
	<attacks>
		<attack name="melee" interval="2000" min="0" max="-40" />
	</attacks>
	<defenses armor="10" defense="10" />
	<loot>
		<item id="2148" countmax="255" chance="71760" /><!-- gold coin -->
		<item id="3976" countmax="3" chance="3000" /><!-- worm -->
		<item id="2666" chance="20000" /><!-- meat -->
		<item id="2671" chance="20120" /><!-- ham -->
		<item id="2376" chance="3000" /><!-- sword -->
		<item id="2398" chance="4500" /><!-- mace -->
		<item id="10609" chance="10000" /><!-- lump of dirt -->
	</loot>
</monster>
