<?xml version="1.0" encoding="UTF-8"?>
<monster name="Bat" namedescription="a bat" race="blood" experience="10" speed="230" manacost="250">
	<health now="30" max="30" />
	<look type="122" corpse="6053" />
	<targetchange interval="4000" chance="0" />
	<flags>
		<flag summonable="1" />
		<flag attackable="1" />
		<flag hostile="1" />
		<flag illusionable="1" />
		<flag convinceable="1" />
		<flag pushable="1" />
		<flag canpushitems="0" />
		<flag canpushcreatures="0" />
		<flag targetdistance="1" />
		<flag staticattack="90" />
		<flag runonhealth="3" />
	</flags>
	<attacks>
		<attack name="melee" interval="2000" skill="10" attack="8" />
	</attacks>
	<defenses armor="5" defense="5" />
	<elements>
		<element earthPercent="-20" />
	</elements>
	<voices interval="2000" chance="7">
		<voice sentence="Flap!Flap!" />
	</voices>
	<loot>
		<item id="5894" chance="1220" /><!-- bat wing -->
	</loot>
</monster>
