<?xml version="1.0" encoding="UTF-8"?>
<monster name="Polar Bear" nameDescription="a polar bear" race="blood" experience="28" speed="135" manacost="315">
	<health now="85" max="85" />
	<look type="42" corpse="5987" />
	<targetchange interval="4000" chance="0" />
	<flags>
		<flag summonable="1" />
		<flag attackable="1" />
		<flag hostile="1" />
		<flag illusionable="1" />
		<flag convinceable="1" />
		<flag pushable="0" />
		<flag canpushitems="0" />
		<flag canpushcreatures="0" />
		<flag targetdistance="1" />
		<flag staticattack="90" />
		<flag runonhealth="5" />
	</flags>
	<attacks>
		<attack name="melee" interval="2000" skill="10" attack="30" />
	</attacks>
	<defenses armor="10" defense="10" />
	<elements>
		<element icePercent="20" />
		<element firePercent="1" />
		<element deathPercent="-10" />
		<element energyPercent="-1" />
	</elements>
	<voices interval="2000" chance="7">
		<voice sentence="GROARRR!" yell="1" />
	</voices>
	<loot>
		<item id="2671" countmax="2" chance="50000" /><!-- ham -->
		<item id="2666" countmax="4" chance="5000" /><!-- meat -->
		<item id="10567" chance="920" /><!-- polar bear paw -->
	</loot>
</monster>
