﻿<?xml version="1.0" encoding="UTF-8"?>
<monster name="Askarak Demon" nameDescription="an askarak demon" race="venom" experience="900" speed="220" manacost="0">
	<health now="1500" max="1500" />
	<look type="420" corpse="13815" />
	<targetchange interval="4000" chance="10" />
	<flags>
		<flag summonable="0" />
		<flag attackable="1" />
		<flag hostile="1" />
		<flag illusionable="0" />
		<flag convinceable="0" />
		<flag pushable="0" />
		<flag canpushitems="1" />
		<flag canpushcreatures="1" />
		<flag targetdistance="1" />
		<flag staticattack="80" />
		<flag runonhealth="0" />
	</flags>
	<attacks>
		<attack name="melee" interval="2000" skill="40" attack="57" />
		<attack name="earth" interval="2000" chance="20" range="7" radius="6" target="0" min="-20" max="-60">
			<attribute key="shootEffect" value="poison" />
			<attribute key="areaEffect" value="greenbubble" />
		</attack>
		<attack name="earth" interval="2000" chance="15" target="0" length="4" spread="3" min="-75" max="-140">
			<attribute key="areaEffect" value="greenbubble" />
		</attack>
		<attack name="earth" interval="2000" chance="10" target="0" length="4" spread="0" min="-130" max="-170">
			<attribute key="areaEffect" value="greenbubble" />
		</attack>
		<attack name="speed" interval="2000" chance="10" radius="1" target="1" speedchange="-600" duration="15000">
			<attribute key="areaEffect" value="redshimmer" />
		</attack>
	</attacks>
	<defenses armor="15" defense="15" />
	<elements>
		<element energyPercent="50" />
		<element icePercent="50" />
		<element firePercent="-30" />
	</elements>
	<immunities>
		<immunity earth="1" />
		<immunity paralyze="1" />
		<immunity invisible="1" />
	</immunities>
	<voices interval="2000" chance="7">
		<voice sentence="POWER TO THE ASKARAK!" />
		<voice sentence="GREEN WILL RULE!" />
		<voice sentence="GREEN IS MEAN!" />
		<voice sentence="ONLY WE ARE TRUE DEMONS!" />
		<voice sentence="RED IS MAD" />
	</voices>
	<loot>
		<item id="2148" countmax="1500" chance="50000" /><!-- gold coin -->
		<item id="2148" countmax="1500" chance="50000" /><!-- gold coin -->
		<item id="2148" countmax="525" chance="40000" /><!-- gold coin -->
		<item id="2149" countmax="4" chance="6250" /><!-- small emerald -->
		<item id="7589" chance="5263" /><!-- strong mana potion -->
		<item id="7588" chance="5263" /><!-- strong health potion -->
		<item id="7368" countmax="5" chance="4761" /><!-- assassin star -->
		<item id="2789" countmax="5" chance="3846" /><!-- brown mushroom -->
		<item id="2114" chance="1052" /><!-- piggy bank -->
		<item id="2167" chance="961" /><!-- energy ring -->
		<item id="8912" chance="512" /><!-- springsprout rod -->
		<item id="7440" chance="431" /><!-- mastermind potion -->
		<item id="7885" chance="123" /><!-- terra legs -->
		<item id="5904" chance="102" /><!-- magic sulphur -->
	</loot>
</monster>