<?xml version="1.0" encoding="UTF-8"?>
<monster name="Devourer" nameDescription="a devourer" race="blood" experience="1800" speed="200" manacost="0">
	<health now="1900" max="1900" />
	<look type="617" corpse="23484" />
	<targetchange interval="4000" chance="10" />
	<flags>
		<flag summonable="0" />
		<flag attackable="1" />
		<flag hostile="1" />
		<flag illusionable="0" />
		<flag convinceable="0" />
		<flag pushable="0" />
		<flag canpushitems="1" />
		<flag canpushcreatures="1" />
		<flag targetdistance="1" />
		<flag staticattack="90" />
		<flag runonhealth="0" />
	</flags>
	<attacks>
		<attack name="melee" interval="2000" min="0" max="-260" poison="18" />
		<attack name="earth" interval="2000" chance="15" range="7" min="0" max="-150">
			<attribute key="shootEffect" value="poison" />
			<attribute key="areaEffect" value="greenbubble" />
		</attack>
		<attack name="earth" interval="2000" chance="15" length="8" spread="3" min="0" max="-150">
			<attribute key="areaEffect" value="smallplants" />
		</attack>
		<attack name="earth" interval="2000" chance="15" radius="4" target="1" min="0" max="-200">
			<attribute key="areaEffect" value="poison" />
		</attack>
		<attack name="speed" interval="2000" chance="15" radius="3" target="0" speedchange="-200" duration="13000">
			<attribute key="areaEffect" value="poison" />
		</attack>
	</attacks>
	<defenses armor="45" defense="45">
		<defense name="healing" interval="2000" chance="5" min="0" max="135">
			<attribute key="areaEffect" value="blueshimmer" />
		</defense>
	</defenses>
	<elements>
		<element energyPercent="-5" />
		<element icePercent="20" />
		<element deathPercent="20" />
	</elements>
	<immunities>
		<immunity earth="1" />
		<immunity paralyze="1" />
		<immunity invisible="1" />
	</immunities>
	<voices interval="2000" chance="7">
		<voice sentence="*gulp*" />
		<voice sentence="*Bruaarrr!*" />
		<voice sentence="*omnnommm nomm*" />
	</voices>
</monster>
