﻿<?xml version="1.0" encoding="UTF-8"?>
<monster name="Leaf Golem" nameDescription="a leaf golem" race="undead" experience="45" speed="140" manacost="390">
	<health now="90" max="90" />
	<look type="567" corpse="21358" />
	<targetchange interval="4000" chance="10" />
	<flags>
		<flag summonable="0" />
		<flag attackable="1" />
		<flag hostile="1" />
		<flag illusionable="1" />
		<flag convinceable="0" />
		<flag pushable="0" />
		<flag canpushitems="1" />
		<flag canpushcreatures="0" />
		<flag staticattack="90" />
	</flags>
	<attacks>
		<attack name="melee" interval="2000" skill="35" attack="40" />
		<attack name="physical" interval="2000" chance="15" range="7" target="1" min="0" max="-15">
			<attribute key="shootEffect" value="smallstone" />
		</attack>
		<attack name="speed" interval="2000" chance="20" radius="3" speedchange="-600" duration="9000">
			<attribute key="areaEffect" value="smallplants" />
		</attack>
	</attacks>
	<defenses armor="10" defense="10" />
	<elements>
		<element earthPercent="40" />
		<element firePercent="-5" />
		<element firePercent="-1" />
	</elements>
	<voices interval="2000" chance="7">
		<voice sentence="*crackle*" />
		<voice sentence="*swwwwishhhh*" />
	</voices>
	<loot>
		<item id="2148" countmax="405" chance="86830" /><!-- gold coin -->
		<item id="21427" chance="15230" /><!-- dowser -->
		<item id="21428" chance="14350" /><!-- fir cone -->
		<item id="2787" countmax="3" chance="4940" /><!-- white mushrooms -->
		<item id="20104" chance="4940" /><!-- swampling club -->
		<item id="2149" chance="1230" /><!-- small emerald -->
	</loot>
</monster>
