<?xml version="1.0" encoding="UTF-8"?>
<monster name="Strange Slime" nameDescription="a strange slime" race="venom" experience="0" speed="120" manacost="0">
	<health now="15" max="15" />
	<look type="19" corpse="1496" />
	<targetchange interval="5000" chance="8" />
	<flags>
		<flag summonable="0" />
		<flag attackable="1" />
		<flag hostile="0" />
		<flag illusionable="0" />
		<flag convinceable="0" />
		<flag pushable="0" />
		<flag canpushitems="1" />
		<flag canpushcreatures="0" />
		<flag targetdistance="1" />
		<flag staticattack="90" />
		<flag runonhealth="0" />
	</flags>
	<defenses armor="3" defense="10" />
</monster>
